ID	FirstName	LastName	ArrivalYear	ArrivalMonth	ArrivalDay	DepartureYear	DepartureMonth	DepartureDay	GotCovid
1	Louis	Cooper	2020	7	10	2020	7	21	0
2	Florence	Murphy	2020	7	16	2020	7	25	1
3	Joseph	Kelly	2020	7	17	2020	7	25	0
4	Karen	Armstrong	2020	7	19	2020	7	25	0
5	Molly	Cooper	2020	7	20	2020	8	11	0
6	Aaron	West	2020	7	31	2020	8	8	0
7	Benjamin	Davis	2020	8	1	2020	8	11	0
8	Billy	Anderson	2020	8	16	2020	8	24	0
9	Isabel	Harris	2020	8	19	2020	8	24	0
10	Katherine	Johnston	2020	8	21	2020	8	28	0
11	Michael	Owens	2020	8	24	2020	8	30	0
12	Millie	Stewart	2020	9	1	2020	9	19	1
13	Bonnie	Brown	2020	9	3	2020	9	11	0
14	Nicole	Cunningham	2020	9	3	2020	10	2	0
15	Joshua	Alexander	2020	9	4	2020	9	11	0
16	Nathan	Ferguson	2020	9	5	2020	9	26	0
17	Jasmine	Jones	2020	9	7	2020	9	14	0
18	David	Warren	2020	9	8	2020	9	17	0
19	Michelle	Ryan	2020	9	12	2020	9	18	0
20	Jacob	Murphy	2020	9	12	2020	9	19	0
21	Christopher	Warren	2020	9	14	2020	9	15	0
22	Amber	Fowler	2020	9	16	2020	9	19	0
23	Molly	Williams	2020	9	17	2020	9	23	0
24	Richard	Dixon	2020	9	19	2020	9	23	0
25	Aaron	Morgan	2020	9	20	2020	10	1	0
26	Marvin	Gibson	2020	9	26	2020	9	27	0
27	Maria	Wright	2020	9	28	2020	9	33	0
28	Jack	Howard	2020	10	12	2020	10	19	0
29	Lila	Mitchell	2020	10	13	2020	10	19	0
30	Fannie	Bailey	2020	10	17	2020	10	25	0
31	Giselle	Ryan	2020	10	18	2020	10	25	0
32	Ethan	Brown	2020	10	26	2020	11	10	0
33	Thomas	Myers	2020	10	27	2020	11	15	0
34	Ellie	Watson	2020	11	8	2020	11	19	0
35	Dewey	Carter	2020	11	21	2020	12	11	0
36	Eve	Davis	2020	11	24	2020	12	1	0
37	Lois	Craig	2020	12	8	2020	12	15	0
38	Harry	Taylor	2020	12	8	2020	12	26	0
39	Jon	Murray	2020	12	10	2020	12	18	0
40	Annie	Craig	2020	12	14	2020	12	18	0
41	Robert	Hall	2020	12	15	2020	12	22	0
42	Harrison	Warren	2020	12	16	2020	12	28	0
43	Andrea	Grant	2020	12	17	2020	12	24	1
44	Daniel	Fowler	2020	12	18	2020	12	29	0
45	Owen	Carter	2020	12	21	2020	12	30	0
46	Jim	Chapman	2020	12	21	2020	12	28	0
47	Adam	Tucker	2020	12	27	2021	1	2	0
48	Lilianna	Morrison	2021	1	3	2021	1	21	0
49	Alissa	Kelly	2021	1	11	2021	1	23	0
50	Carlos	Elliott	2021	1	14	2021	2	8	0
51	Jason	Warren	2021	1	18	2021	2	11	0
52	John	Johnson	2021	1	18	2021	2	27	0
53	Garry	Bennett	2021	1	20	2021	1	30	0
54	Ashton	Riley	2021	1	27	2021	2	21	0
55	Chase	Lloyd	2021	1	29	2021	2	14	0
56	Jessica	Holmes	2021	1	31	2021	2	12	0
57	Oliver	Ross	2021	2	2	2021	3	2	0
58	Arthur	Riley	2021	2	3	2021	2	18	0
59	Stuart	Anderson	2021	2	5	2021	3	12	0
60	Kim	Brooks	2021	2	12	2021	3	11	1
61	Abigail	Kelly	2021	2	14	2021	3	23	0
62	Jeremiah	Hawkins	2021	2	14	2021	2	17	0
63	Thomas	Russell	2021	2	15	2021	3	16	0
64	Amelia	Parker	2021	2	18	2021	3	24	0
65	April	Holmes	2021	2	27	2021	2	28	0
66	Russell	Bennett	2021	2	28	2021	3	4	0
67	Mary	Murphy	2021	3	1	2021	4	13	0
68	Preston	Casey	2021	3	2	2021	3	27	1
69	Elian	Warren	2021	3	5	2021	3	21	0
70	Susanne	Murray	2021	3	9	2021	4	16	0
71	Ashton	Russell	2021	3	16	2021	4	5	0
72	Kelvin	Elliott	2021	3	18	2021	3	28	0
73	Emma	Reed	2021	3	22	2021	4	13	1
74	Harrison	Spencer	2021	3	26	2021	4	22	0
75	Vincent	Carter	2021	3	27	2021	4	1	1
76	Michael	Wilson	2021	3	28	2021	4	16	0
77	Brad	Carter	2021	3	28	2021	4	7	0
78	Miranda	Lloyd	2021	3	29	2021	4	24	0
79	Edward	Lloyd	2021	4	2	2021	4	11	0
80	Kade	Rogers	2021	4	2	2021	4	3	0
81	Lindsey	Russell	2021	4	5	2021	4	15	0
82	David	Andrews	2021	4	8	2021	4	9	0
83	April	Payne	2021	4	8	2021	4	16	0
84	Rebecca	Hawkins	2021	4	8	2021	4	21	1
85	Harry	Crawford	2021	4	11	2021	5	21	1
86	Danielle	Carter	2021	4	11	2021	5	15	0
87	Ellia	Stewart	2021	4	19	2021	5	30	0
88	Lana	Farrell	2021	4	23	2021	5	5	0
89	Nathan	Johnston	2021	4	26	2021	5	11	0
90	Olivia	Murphy	2021	4	26	2021	5	20	0
91	Emma	Myers	2021	5	5	2021	6	5	1
92	Amanda	Jones	2021	5	5	2021	5	14	0
93	Rebecca	Hall	2021	5	8	2021	6	4	0
94	Sophie	Owens	2021	5	8	2021	5	15	0
95	Anna	Robinson	2021	5	9	2021	5	30	0
96	John	Taylor	2021	5	13	2021	6	20	0
97	Haris	Cole	2021	5	15	2021	5	30	1
98	Louis	Stevens	2021	5	16	2021	5	27	0
99	Amber	Owens	2021	5	17	2021	5	28	0
100	Adrian	Henderson	2021	5	21	2021	5	30	1
101	Robert	Spencer	2021	5	29	2021	7	6	0
102	Chloe	Cole	2021	6	4	2021	6	14	0
103	Ashley	Henderson	2021	6	8	2021	7	1	1
104	Alberta	Warren	2021	6	8	2021	6	19	1
105	William	Wright	2021	6	10	2021	7	1	0
106	Leonardo	Douglas	2021	6	11	2021	6	20	0
107	Fiona	Riley	2021	6	11	2021	6	25	0
108	Mia	Barnes	2021	6	14	2021	7	7	0
109	Megan	Brown	2021	6	15	2021	6	22	1
110	Aaron	Bailey	2021	6	20	2021	7	4	0
111	Joshua	Johnson	2021	6	25	2021	7	1	0
112	Charles	Russell	2021	6	25	2021	7	11	0
113	Justin	Hamilton	2021	6	27	2021	7	16	0
114	Elizabeth	Turner	2021	6	30	2021	7	19	0
115	Gary	Cole	2021	6	31	2021	7	12	1
116	Dominik	Carter	2021	7	1	2021	7	13	0
117	Scott	Miller	2021	7	8	2021	7	20	0
118	Emily	Evans	2021	7	9	2021	7	15	0
119	Joseph	Stewart	2021	7	9	2021	8	23	1
120	Emily	Moore	2021	7	12	2021	7	20	0
121	Sofia	Murphy	2021	7	14	2021	7	17	0
122	Alfred	Bennett	2021	7	27	2021	8	24	1
123	Adam	Parker	2021	7	28	2021	7	30	1
124	Stephanie	Holmes	2021	7	28	2021	8	10	0
125	Amy	Ferguson	2021	7	30	2021	8	17	0
126	Luke	Hall	2021	7	30	2021	8	25	0
127	Paola	Williams	2021	8	8	2021	9	6	0
128	Henry	Murray	2021	8	10	2021	8	19	0
129	Madison	Ross	2021	8	13	2021	8	21	0
130	Cherry	Owens	2021	8	13	2021	9	8	1
131	Zack	Johnston	2021	8	14	2021	8	21	0
132	Samuel	Ferguson	2021	8	17	2021	9	20	1
133	Walter	Murphy	2021	8	17	2021	9	8	0
134	Jacob	Holmes	2021	8	23	2021	9	17	0
135	Thomas	Dixon	2021	8	23	2021	8	31	0
136	Carl	Thomas	2021	8	27	2021	10	9	0
137	Julia	Casey	2021	8	29	2021	9	21	0
138	Tyson	Spencer	2021	8	31	2021	9	2	0
139	Travis	Thomas	2021	9	8	2021	9	13	0
140	Austin	Baker	2021	9	11	2021	10	1	1
141	Daniel	Warren	2021	9	16	2021	10	22	0
142	Henry	Clark	2021	9	17	2021	9	27	0
143	Haris	Ferguson	2021	9	20	2021	10	4	0
144	Luke	Gibson	2021	9	20	2021	10	12	0
145	Jake	Farrell	2021	9	25	2021	10	31	1
146	Sarah	Ellis	2021	9	26	2021	11	6	0
147	Anna	Adams	2021	9	28	2021	10	25	1
148	Christopher	Mason	2021	9	30	2021	11	3	0
149	Wayne	Carroll	2021	10	7	2021	10	15	0
150	Violet	Owens	2021	10	8	2021	11	6	1
151	Sydney	Carroll	2021	10	9	2021	10	12	0
152	Tanner	Adams	2021	10	22	2021	10	27	0
153	Adam	Johnston	2021	10	22	2021	10	25	1
154	Holly	Richardson	2021	10	23	2021	11	10	0
155	Ella	Brooks	2021	10	24	2021	11	6	0
156	Chloe	Harper	2021	10	25	2021	11	26	0
157	Maddie	Brown	2021	10	25	2021	11	2	0
158	Kirsten	Baker	2021	10	26	2021	11	25	0
159	Kristian	Sullivan	2021	10	29	2021	11	11	1
160	Jacob	Russell	2021	11	1	2021	11	17	0
161	Mike	Mason	2021	11	6	2021	11	22	0
162	Elian	Phillips	2021	11	6	2021	11	17	0
163	Juliet	Elliott	2021	11	23	2021	12	15	0
164	Arthur	Evans	2021	11	23	2021	11	30	0
165	Steven	Harrison	2021	11	24	2021	12	11	0
166	Sawyer	Thomas	2021	11	24	2021	12	1	0
167	Alexander	Evans	2021	11	29	2021	12	19	0
168	Matthew	Ferguson	2021	11	30	2022	1	2	0
169	Maria	Kelley	2021	12	2	2021	12	14	0
170	Joyce	Fowler	2021	12	7	2022	1	2	0
171	Oliver	Farrell	2021	12	10	2021	12	24	0
172	David	Watson	2021	12	10	2022	1	23	1
173	Violet	Carroll	2021	12	10	2021	12	20	0
174	Alice	Dixon	2021	12	18	2021	12	28	0
175	Martha	Walker	2021	12	21	2021	12	24	0
176	Phoebe	Walker	2021	12	24	2021	12	29	0
177	Maddie	Dixon	2021	12	25	2022	1	3	0
178	James	Nelson	2021	12	30	2022	1	8	0
179	Beth	Grant	2022	1	5	2022	1	25	0
180	Charlie	Andrews	2022	1	24	2022	2	1	0
181	Thea	Roberts	2022	1	27	2022	2	11	0
182	Jacqueline	Miller	2022	2	5	2022	2	20	0
183	Nadia	Campbell	2022	2	11	2022	3	2	0
184	Leroy	Payne	2022	2	28	2022	3	4	0
185	Amirah	Cooper	2022	3	2	2022	3	16	0
186	Ted	Kelley	2022	3	5	2022	3	12	0
187	Robert	Chapman	2022	3	8	2022	3	16	0
188	Gabrielle	Montgomery	2022	4	2	2022	4	9	0
189	Adele	Robinson	2022	4	11	2022	4	21	0
190	Amie	West	2022	5	26	2022	6	15	0
191	Raphael	Kelly	2022	6	6	2022	6	13	0
192	Declan	Hunt	2022	6	20	2022	6	27	0
193	Liam	Ferguson	2022	7	4	2022	7	11	0
194	Oscar	Watson	2022	7	15	2022	7	22	0
195	Aimee	Taylor	2022	7	16	2022	7	25	0
196	Adrian	Howard	2022	7	22	2022	7	30	0
197	Rob	Riley	2022	7	23	2022	9	4	0
198	Marie	Perry	2022	8	14	2022	8	29	0
199	Anika	Murphy	2022	10	24	2022	11	5	0
200	Ismael	Smith	2022	10	31	2022	11	8	0
